receipt_name,full_product_title,general_product_title,store,database,no_brand_descriptor_title,no_descriptor_title
ORGANIC GALA APPLE,organic gala apples,apples,publix,Organic gala apples,Organic gala apples,Organic gala apples
ACT STRWBY/BLUEBRY,activia probiotic yogurt,yogurt,publix,DANNON ACTIVIA FIBER PROBIOTIC LOWFAT YOGURT STRAWBERRY,DANNON ACTIVIA FIBER PROBIOTIC LOWFAT YOGURT STRAWBERRY,DANNON ACTIVIA FIBER PROBIOTIC LOWFAT YOGURT STRAWBERRY
OREO THINS PISTACH,oreo thins pistachio,oreos,publix,OREO THINS COOKIES PISTACHIO 1X10.1 OZ,OREO THINS COOKIES PISTACHIO 1X10.1 OZ,OREO THINS COOKIES PISTACHIO 1X10.1 OZ
OG GW BABY SPINACH,organic baby spinach,spinach,publix,ORGANIC BABY SPINACH,ORGANIC BABY SPINACH,ORGANIC BABY SPINACH
PAPAYA MARADOL,papaya,papaya,publix,PAPAYA CHUNKS,PAPAYA CHUNKS,PAPAYA CHUNKS
ORGANIC APPLES FUJ,organic fuji apples,apples,publix,ORGANIC FUJI APPLES,ORGANIC FUJI APPLES,ORGANIC FUJI APPLES
SABRA RST GARL HUM,sabra garlic hummus,hummus,publix,SABRA CLASSIC HUMMUS,SABRA CLASSIC HUMMUS,SABRA CLASSIC HUMMUS
CARROTS BABY CUT,baby cut carrots,carrots,publix,BABY CUT CARROTS,BABY CUT CARROTS,BABY CUT CARROTS
MOCHI ICE CREAM,mochi ice cream,ice cream,publix,MOCHI ICE CREAM,MOCHI ICE CREAM,MOCHI ICE CREAM
HTGF CHK BRST,heritage farm chicken breast,chicken breast,kroger,CHICKEN BREAST,CHICKEN BREAST,CHICKEN BREAST
GREEN BEANS,green beans,green beans,kroger,GREEN BEANS,GREEN BEANS,GREEN BEANS
KRO KALE,kroger kale,kale,kroger,KALE,KALE,KALE
PEPPERS RAINBOW,rainbow peppers,peppers,kroger,RAINBOW BELL PEPPERS,RAINBOW BELL PEPPERS,RAINBOW BELL PEPPERS
YAMS SWT JEWEL,sweet jewel yams,yams,kroger,CUT YAMS SWEET POTATOES,CUT YAMS SWEET POTATOES,CUT YAMS SWEET POTATOES
HTGF POTATOES RSST,heritage farm russet potatoes,potatoes,kroger,RUSSET POTATOES,RUSSET POTATOES,RUSSET POTATOES
KROGER BRC&CAU,kroger broccoli and cauliflower,broccoli and cauliflower,kroger,BROCCOLI AND CAULIFLOWER,BROCCOLI AND CAULIFLOWER,BROCCOLI AND CAULIFLOWER
KROGER FROZEN VEG,kroger frozen vegetable,frozen vegetables,kroger,FRESH FROZEN VEGETABLES,FRESH FROZEN VEGETABLES,FRESH FROZEN VEGETABLES
CLEMNTNES 3#,clementines 3 pounds,clementines,kroger,CLEMENTINE,CLEMENTINE,CLEMENTINE
BANANAS,bananas,bananas,kroger,BANANA,BANANA,BANANA
CHOBANI YOGURT,chobani yogurt,yogurt,kroger,GREEK YOGURT,GREEK YOGURT,GREEK YOGURT
BC PCH PIE,bakery peach pie,pie,kroger,PEACH PIE,PEACH PIE,PEACH PIE
BC COOKIES,bakery cookies,cookies,kroger,COOKIES,COOKIES,COOKIES
STRKST TUNA CRTNS,starkist tuna creations,tuna,kroger,TUNA CREATIONS,TUNA CREATIONS,TUNA CREATIONS
STARKIST TUNA,starkist tuna,tuna,kroger,TUNA,TUNA,TUNA
KRO OLIVE OIL,kroger olive oil,olive oil,kroger,OLIVE OIL,OLIVE OIL,OLIVE OIL
KROGER YEAST,kroger yeast,yeast,kroger,KROGER FAST RISE YEAST,KROGER FAST RISE YEAST,KROGER FAST RISE YEAST
WHITE LILLY FLOUR,white lilly flour,flour,kroger,FLOUR,FLOUR,FLOUR
KRO FLOUR,kroger flour,flour,kroger,FLOUR,FLOUR,FLOUR
KRO SALSA,kroger salsa,salsa,kroger,SALSA,SALSA,SALSA
CUPCAKE 6CT DEC,cupcake decorating kit,cupcake decorating kit,publix,CUPCAKE,CUPCAKE,CUPCAKE
AQUAFINA WATER,aquafina water,water,publix,WATER,WATER,WATER
GLAZED DONUT,glazed donut,glazed donut,publix,GLAZED DONUTS,GLAZED DONUTS,GLAZED DONUTS
PUBLIX MILK WH 0.5,publix whole milk half gallon,whole milk half gallon,publix,WHOLE MILK,WHOLE MILK,WHOLE MILK
PROG CHICK BROTH,progresso chicken broth,chicken broth,publix,CHICKEN BROTH,CHICKEN BROTH,CHICKEN BROTH
MULTIGRAIN CHEERIO,multigrain cheerios,cheerios,safeway,CHEERIOS CEREAL,CHEERIOS CEREAL,CHEERIOS CEREAL
PROGRESSO R&H STK,progresso rich & heart steak & homestyle noodles,canned soup,safeway,SOUP,SOUP,SOUP
LAVDR PEEPS,peeps lavender marshmallow chicks,marshmallows,walmart,MARSHMALLOWS,MARSHMALLOWS,MARSHMALLOWS
PEZ DISPENSE,pez dispenser,pez candy,walmart,CANDY & DISPENSER,CANDY & DISPENSER,CANDY & DISPENSER
JELLY BEANS,jelly beans,jelly beans,walmart,JELLY BEANS,JELLY BEANS,JELLY BEANS
ROLD GOLD,rold gold pretzels,pretzels,walmart,PRETZEL,PRETZEL,PRETZEL
GV CHIPS,great value chips,chips,walmart,CHIPS,CHIPS,CHIPS
ROASTED ALMD,roasted almonds,almonds,walmart,ROASTED ALMONDS,ROASTED ALMONDS,ROASTED ALMONDS
MT DEW CD RE,mountain dew code red,soda,walmart,Mountain Dew Code Red Soda 12 Fluid Ounce Aluminum Can,Mountain Dew Code Red Soda 12 Fluid Ounce Aluminum Can,Mountain Dew Code Red Soda 12 Fluid Ounce Aluminum Can
ACTII BUTTER,act ii butter popcorn,popcorn,walmart,POPCORN,POPCORN,POPCORN
CHEESE NIPS,cheese nips,cheese nips,walmart,CHEESE NIPS SNACKS CRACKER,CHEESE NIPS SNACKS CRACKER,CHEESE NIPS SNACKS CRACKER
AW CREAM SDA,a&w cream soda,cream soda,walmart,CREAM SODA,CREAM SODA,CREAM SODA
CNM ALMOND,cinnamon almonds,cinnamon almonds,walmart,CINNAMON ALMONDS,CINNAMON ALMONDS,CINNAMON ALMONDS
RNCH CRACKER,ranch crackers,ranch crackers,walmart,CRACKERS,CRACKERS,CRACKERS
ROOT BEER,root beer,root beer,walmart,ROOT BEER,ROOT BEER,ROOT BEER
DR PEPPER,dr pepper,dr pepper,walmart,DR PEPPER,DR PEPPER,DR PEPPER
DORITO 12 CT,doritos,doritos,walmart,CHIPS,CHIPS,CHIPS
GATORADE,gatorade,gatorade,walmart,THIRST QUENCHER POWDER,THIRST QUENCHER POWDER,THIRST QUENCHER POWDER
GARDETTOS,gardetts original recipe snack mix,snack mix,walmart,SNACK MIX,SNACK MIX,SNACK MIX
ASPARAGUS,asparagus,asparagus,walmart,ASPARAGUS,ASPARAGUS,ASPARAGUS
PASTA,pasta,pasta,walmart,PASTA,PASTA,PASTA
HONEY GLD POTATOES,potato inspirations honey gold potatoes,honey gold potatoes,publix,POTATOES,POTATOES,POTATOES
DE CECCO BOW FARFA,de cecco farfalle,farfalle,publix,FARFALLE,FARFALLE,FARFALLE
FRNDSHP SOUR CREAM,friendship sour cream,sour cream,publix,SOUR CREAM,SOUR CREAM,SOUR CREAM
HUNTS KETCHUP,hunts tomato ketchup,tomato ketchup,publix,HUNTS Tomato Ketchup,HUNTS Tomato Ketchup,HUNTS Tomato Ketchup
APPLES CRIPPS PINK,cripps pink apples,apples,publix,RAW CRIPPS PINK APPLE JUICE,RAW CRIPPS PINK APPLE JUICE,RAW CRIPPS PINK APPLE JUICE
SABRA CLAS HUM 6PK,sabra classic hummus 6 pack,hummus,publix,SABRA CLASSIC HUMMUS,SABRA CLASSIC HUMMUS,SABRA CLASSIC HUMMUS
EGG BREAD-CHALLAH,egg bread challah,challah,publix,PREMIUM EGG CHALLAH ROLLS,PREMIUM EGG CHALLAH ROLLS,PREMIUM EGG CHALLAH ROLLS
KELL APPLE JACKS,kelloggs apple jacks,apple jacks,publix,KELLOGGS APPLE JACKS CEREAL WITH APPLE & CINNANON,KELLOGGS APPLE JACKS CEREAL WITH APPLE & CINNANON,KELLOGGS APPLE JACKS CEREAL WITH APPLE & CINNANON
POST HONEY BUNCH,post honey bunches of oats,honey bunches of oats,publix,HONEY BUNCHES OF OATS CEREAL,HONEY BUNCHES OF OATS CEREAL,HONEY BUNCHES OF OATS CEREAL
OLD FASHIONED OATS,old fashioned oats,oats,aldi,OLD FASHIONED OATS,OLD FASHIONED OATS,OLD FASHIONED OATS
RASPBERRIES,raspberries,raspberries,aldi,RASPBERRIES,RASPBERRIES,RASPBERRIES
BLUEBERRIES,blueberries,blueberries,aldi,BLUEBERRIES,BLUEBERRIES,BLUEBERRIES
STRAWBERRIES,strawberries,strawberries,aldi,WHOLE STRAWBERRIES,WHOLE STRAWBERRIES,WHOLE STRAWBERRIES
AVOCADOS,avocados,avocados,aldi,Avocados raw all commercial varieties,Avocados raw all commercial varieties,Avocados raw all commercial varieties
CHIA SEEDS,chia seeds,chia seeds,aldi,CHIA SEEDS,CHIA SEEDS,CHIA SEEDS
DATES,dates,dates,aldi,DATES,DATES,DATES
BABY SPINACH 120G,baby spinach,baby spinach,aldi,BABY SPINACH,BABY SPINACH,BABY SPINACH
TORTILLA WRAPS WHOLEMEAL,wholemeal tortilla wraps,wholemeal tortilla wraps,aldi,WHOLE GRAIN TORTILLA WRAPS,WHOLE GRAIN TORTILLA WRAPS,WHOLE GRAIN TORTILLA WRAPS
BEETROOT SLICED 450G,sliced beetroot,beetroot,aldi,SLICED BEETROOT PICKLED IN SWEET MALT VINEGAR,SLICED BEETROOT PICKLED IN SWEET MALT VINEGAR,SLICED BEETROOT PICKLED IN SWEET MALT VINEGAR
FZN MIXED BERRIES 500G,frozen mixed berries,frozen mixed berries,aldi,MIXED BERRIES,MIXED BERRIES,MIXED BERRIES
HAM 4X100G,ham,ham,aldi,UNCURED HAM,UNCURED HAM,UNCURED HAM
FROZ STEAM VEG 450G,frozen steamed vegetables,frozen steamed vegetables,aldi,FRESH FROZEN VEGETABLES,FRESH FROZEN VEGETABLES,FRESH FROZEN VEGETABLES
RICE CRACKERS 200G,rice crackers,rice crackers,aldi,RICE CRACKERS,RICE CRACKERS,RICE CRACKERS
PINK LADY APPLES,pink lady apples,pink lady apples,aldi,PINK LADY APPLES,PINK LADY APPLES,PINK LADY APPLES
DIP SALSA,salsa dip,salsa,aldi,SALSA,SALSA,SALSA
MAYONNAISE SQUEEZE,mayonnaise,mayonnaise,aldi,SQUEEZE MAYONNAISE,SQUEEZE MAYONNAISE,SQUEEZE MAYONNAISE
WFM CLEMENTINE BAG,clementines,clementines,whole foods,Clementines raw,Clementines raw,Clementines raw
CROFT STRAWBRY SPR,crofts strawberry spread,strawberry jam,whole foods,STRAWBERRY SPREAD,STRAWBERRY SPREAD,STRAWBERRY SPREAD
BEANS GREEN,green beans,green beans,whole foods,WHOLE GREEN BEANS,WHOLE GREEN BEANS,WHOLE GREEN BEANS
VIRGL CREAM SODA,virgils cream soda,cream soda,whole foods,VIRGILS CREAM SODA,VIRGILS CREAM SODA,VIRGILS CREAM SODA
BULK ALMOND BUTTER,almond butter,almond butter,whole foods,ALMOND BUTTER,ALMOND BUTTER,ALMOND BUTTER
365 LT CHNK TUNA,365 light chunk tuna,tuna,whole foods,CHUNK LIGHT TUNA,CHUNK LIGHT TUNA,CHUNK LIGHT TUNA
BLACKBERRIES,blackberries,blackberries,whole foods,BLACKBERRIES,BLACKBERRIES,BLACKBERRIES
CHKN BRST CUTLET,chicken breast cutlet,chicken breast,whole foods,LIGHTLY BREADED CHICKEN BREAST CUTLETS,LIGHTLY BREADED CHICKEN BREAST CUTLETS,LIGHTLY BREADED CHICKEN BREAST CUTLETS
CHKN GRND THIGH,ground chicken thigh,ground chicken thigh,whole foods,CHICKEN THIGH MEAT,CHICKEN THIGH MEAT,CHICKEN THIGH MEAT
OREO COOKIE,oreos,oreos,target,OREO CHOCOLATE SANDWICH COOKIES,OREO CHOCOLATE SANDWICH COOKIES,OREO CHOCOLATE SANDWICH COOKIES
CHOBANI,chobani yogurt,yogurt,target,CHOBANI NON-FAT PLAIN GREEK YOGURT UPC: 818290010469,CHOBANI NON-FAT PLAIN GREEK YOGURT UPC: 818290010469,CHOBANI NON-FAT PLAIN GREEK YOGURT UPC: 818290010469
BREYERS,breyers ice cream,ice cream,target,Ice creams BREYERS All Natural Light Vanilla,Ice creams BREYERS All Natural Light Vanilla,Ice creams BREYERS All Natural Light Vanilla
AQUAF 2PK,aquafina bottled water,bottled water,target,Beverages water bottled non-carbonated PEPSI AQUAFINA,Beverages water bottled non-carbonated PEPSI AQUAFINA,Beverages water bottled non-carbonated PEPSI AQUAFINA
MP EGGS,marketplace eggs,eggs,target,LARGE WHITE EGGS,LARGE WHITE EGGS,LARGE WHITE EGGS
PUBLIX MED SALSA,publix medium salsa,medium salsa,publix,MEDIUM SALSA,MEDIUM SALSA,MEDIUM SALSA
SM RAISIN SEEDLESS,sun maid seedless raisins,seedless raisins,publix,SEEDLESS CALIFORNIA RAISINS,SEEDLESS CALIFORNIA RAISINS,SEEDLESS CALIFORNIA RAISINS
O R POPCORN,orville redenbacher popcorn,popcorn,publix,ORVILLE REDENBACHERS Butter Popcorn,ORVILLE REDENBACHERS Butter Popcorn,ORVILLE REDENBACHERS Butter Popcorn
JIF PEANUT BUTTER,jif peanut butter,peanut butter,publix,PEANUT BUTTER,PEANUT BUTTER,PEANUT BUTTER
PUB DRY RST PNUT,publix dry roasted peanuts,dry roasted peanuts,publix,DRY ROASTED PEANUTS,DRY ROASTED PEANUTS,DRY ROASTED PEANUTS
L/L PB CHOC CHIP,lenny & larrys peanut butter chocolate chip,peanut butter chocolate chip,publix,ORIGINAL DOUBLE CHOCOLATE CHIP COOKIE,ORIGINAL DOUBLE CHOCOLATE CHIP COOKIE,ORIGINAL DOUBLE CHOCOLATE CHIP COOKIE
B/D WHL NAT ALMDS,blue diamond whole natural almonds,whole natural almonds,publix,BLUE DIAMOND ALMONDS WHOLE NATURAL,BLUE DIAMOND ALMONDS WHOLE NATURAL,BLUE DIAMOND ALMONDS WHOLE NATURAL
BANANAS,bananas,bananas,publix,BANANAS,BANANAS,BANANAS
LIMES PERSIAN,persian limes,limes,publix,PERSIAN LIMES,PERSIAN LIMES,PERSIAN LIMES
NAPPA CABBAGE,nappa cabbage,nappa cabbage,hmart,NAPA CABBAGE,NAPA CABBAGE,NAPA CABBAGE
PAPAYA,papaya,papaya,hmart,Papayas raw,Papayas raw,Papayas raw
MATCHA KIT KAT,matcha kit kat,matcha kit kat,hmart,Candies KIT KAT Wafer Bar,Candies KIT KAT Wafer Bar,Candies KIT KAT Wafer Bar
PICKLD SOUR RADISH,pickled sour radish,pickled sour radish,hmart,Radishes hawaiian style pickled,Radishes hawaiian style pickled,Radishes hawaiian style pickled
CA NAVEL ORANGE,california navel orange,navel orange,hmart,CALIFORNIA NAVEL ORANGES,CALIFORNIA NAVEL ORANGES,CALIFORNIA NAVEL ORANGES
QUAK QUICK OATS,quaker quick oats,quick oats,publix,Cereals QUAKER Quick Oats Dry,Cereals QUAKER Quick Oats Dry,Cereals QUAKER Quick Oats Dry
PUBLIX HVY WHP CRM,publix heavy whipping cream,heavy whipping cream,publix,HEAVY WHIPPING CREAM,HEAVY WHIPPING CREAM,HEAVY WHIPPING CREAM
BNLS CHICK BREAST,boneless chicken breast,boneless chicken breast,publix,BONELESS CHICKEN BREAST,BONELESS CHICKEN BREAST,BONELESS CHICKEN BREAST
LAPASTA SQSH RAVLI,la pasta squash ravioli,squash ravioli,publix,BUTTERNUT SQUASH RAVIOLI,BUTTERNUT SQUASH RAVIOLI,BUTTERNUT SQUASH RAVIOLI
DIGORNO PIZZA,digorno pizza,pizza,kroger,DIGIORNO Pizza cheese topping rising crust frozen baked,DIGIORNO Pizza cheese topping rising crust frozen baked,DIGIORNO Pizza cheese topping rising crust frozen baked
WESSON OIL,wesson oil,oil,kroger,WESSON Vegetable Oil,WESSON Vegetable Oil,WESSON Vegetable Oil
KING ARTHUR FLOUR,king arthur flour,flour,kroger,UNBLEACHED ALL-PURPOSE FLOUR,UNBLEACHED ALL-PURPOSE FLOUR,UNBLEACHED ALL-PURPOSE FLOUR
FLA NATURAL JUICE,florida natural juice,juice,kroger,FLORIDAS NATURAL 100% PURE FLORIDA ORANGE JUICE,FLORIDAS NATURAL 100% PURE FLORIDA ORANGE JUICE,FLORIDAS NATURAL 100% PURE FLORIDA ORANGE JUICE
KRO VGTBL CKSPRY,kroger vegetable cooking spray,vegetable cooking spray,kroger,VEGETABLE OIL COOKING SPRAY,VEGETABLE OIL COOKING SPRAY,VEGETABLE OIL COOKING SPRAY
BARLLA MINI FARFLE,barilla mini farfalle,mini farfalle,kroger,MINI FARFALLE ENRICHED MACARONI PRODUCT,MINI FARFALLE ENRICHED MACARONI PRODUCT,MINI FARFALLE ENRICHED MACARONI PRODUCT
LANDOLAKES HVY CRM,land olakes heavy cream,heavy cream,kroger,LAND O LAKES RICH & CREAMY HEAVY WHIPPING CREAM,LAND O LAKES RICH & CREAMY HEAVY WHIPPING CREAM,LAND O LAKES RICH & CREAMY HEAVY WHIPPING CREAM
POTATOES RUSSET,russet potatoes,potatoes,kroger,RUSSET POTATOES,RUSSET POTATOES,RUSSET POTATOES
KRO MUSHROOMS,kroger mushrooms,mushrooms,kroger,MUSHROOMS,MUSHROOMS,MUSHROOMS
APPLES HONEYCRISP,honeycrisp apples,apples,kroger,HONEYCRISP APPLES,HONEYCRISP APPLES,HONEYCRISP APPLES
PLBRY CRSCNT ROLLS,pillsbury crescent rolls,crescent rolls,kroger,Pillsbury Original Crescent Rounds 8 Count,Pillsbury Original Crescent Rounds 8 Count,Pillsbury Original Crescent Rounds 8 Count
NTHN BF FRNK,nathan beef frank,beef frank,kroger,BEEF FRANKS,BEEF FRANKS,BEEF FRANKS
FAGE TOTAL YOGURT,fage total yogurt,yogurt,kroger,TOTAL GREEK STRAINED YOGURT,TOTAL GREEK STRAINED YOGURT,TOTAL GREEK STRAINED YOGURT
BOK CHOY ORG,bok choy organic,bok choy,kroger,BOK CHOY,BOK CHOY,BOK CHOY
CUCUMBERS,cucumbers,cucumbers,kroger,FRESH CUCUMBERS,FRESH CUCUMBERS,FRESH CUCUMBERS
KRO VAN EXTRCT,kroger vanilla extract,vanilla extract,kroger,PURE VANILLA EXTRACT,PURE VANILLA EXTRACT,PURE VANILLA EXTRACT
BRHD PRV CHS,boars head provolone cheese,cheese,kroger,BOARS HEAD PROVOLONE CHEESE,BOARS HEAD PROVOLONE CHEESE,BOARS HEAD PROVOLONE CHEESE
POST HB OAT CRL,post honey bunches of oats cereal,cereal,kroger,HONEY BUNCHES OF OATS,HONEY BUNCHES OF OATS,HONEY BUNCHES OF OATS
JIF PEANUT BUTTER,jif peanut butter,peanut butter,kroger,PEANUT BUTTER,PEANUT BUTTER,PEANUT BUTTER
ODWL JUICE,odwalla juice,juice,kroger,ODWALLA 100% JUICE,ODWALLA 100% JUICE,ODWALLA 100% JUICE
PREGO PASTA SAUCE,prego pasta sauce,pasta sauce,kroger,PASTA SAUCE,PASTA SAUCE,PASTA SAUCE
TFYN PITA BR,toufayan pita bread,pita bread,kroger,CLASSIC WHITE PITA BREAD,CLASSIC WHITE PITA BREAD,CLASSIC WHITE PITA BREAD
LA BNDTA TORTILLA,la banderita tortilla,tortilla,kroger,LA BANDERITA SOFT TACO FLOUR TORTILLAS,LA BANDERITA SOFT TACO FLOUR TORTILLAS,LA BANDERITA SOFT TACO FLOUR TORTILLAS
BRHD HNY HAM,boars head honey ham,honey ham,kroger,HONEY HAM,HONEY HAM,HONEY HAM
SALMON ATL FLT,atlantic salmon fillet,salmon,kroger,SALMON,SALMON,SALMON
ZUCCHINI,zucchini,zucchini,kroger,ZUCCHINI,ZUCCHINI,ZUCCHINI
TOMATOES RED OTV,red tomatoes on the vine,tomatoes,kroger,TOMATOES ON THE VINE,TOMATOES ON THE VINE,TOMATOES ON THE VINE
KROGER MILK,kroger milk,milk,kroger,MILK,MILK,MILK
RONZ LINGUINE,ronzoni linguine,linguine,kroger,LINGUINE,LINGUINE,LINGUINE
BROCCOLI CROWNS,broccoli crowns,broccoli crowns,kroger,BROCCOLI,BROCCOLI,BROCCOLI
APL GALA,gala apple,apple,kroger,GALA APPLES,GALA APPLES,GALA APPLES
DKB BAGELS CIN/RSN,daves killer bagels cinnamon/raisin,bagels,publix,RAISIN CINNAMON BAGELS,RAISIN CINNAMON BAGELS,RAISIN CINNAMON BAGELS
CHOBANI 0% 4 PACK,chobani 0% fat,yogurt,publix,GREEK YOGURT,GREEK YOGURT,GREEK YOGURT
CHOBANI 2% 4 PACK,chobani 2% fat,yogurt,publix,GREEK YOGURT,GREEK YOGURT,GREEK YOGURT
ORG APPLES HONEYCR,organic honeycrisp apples,apples,publix,HONEYCRISP APPLES,HONEYCRISP APPLES,HONEYCRISP APPLES
NASOYA CUBED TFU,nasoya cubed tofu,tofu,publix,TOFU,TOFU,TOFU
MAYFIELD SELECTS,mayfield selects,ice cream,publix,ICE CREAM,ICE CREAM,ICE CREAM
GOOD THN SWT POTAT,good thin sweet potato,sweet potato,publix,GOOD THINS CRACKERS SWEET POTATO 1X6.5 OZ,GOOD THINS CRACKERS SWEET POTATO 1X6.5 OZ,GOOD THINS CRACKERS SWEET POTATO 1X6.5 OZ
KBLR FUDGE STRIPES,keebler fudge stripes,cookies,publix,FUDGE STRIPES COOKIES,FUDGE STRIPES COOKIES,FUDGE STRIPES COOKIES
PUBLIX EGGS JUMBO,publix jumbo eggs,eggs,publix,EGGS,EGGS,EGGS
OG GW BABY SPINACH,organic baby spinach,spinach,publix,BABY SPINACH,BABY SPINACH,BABY SPINACH
CHO PLAIN 5% 32OZ,chobani plain 5% 32 oz yogurt,yogurt,publix,GREEK YOGURT,GREEK YOGURT,GREEK YOGURT
PRINGLES,pringles,pringles,target,PRINGLES,PRINGLES,PRINGLES
SLIM JIM,slim jim,slim jim,target,SLIM JIM Original Smoked Snack Sticks,SLIM JIM Original Smoked Snack Sticks,SLIM JIM Original Smoked Snack Sticks
PLSBRY COOKI,pillsbury cookie,cookie,target,Pillsbury Chocolate Chip Cookie Dough,Pillsbury Chocolate Chip Cookie Dough,Pillsbury Chocolate Chip Cookie Dough
YOCRUNCH,yocrunch,yogurt,target,YOCRUNCH LOWFAT YOGURT VANILLA,YOCRUNCH LOWFAT YOGURT VANILLA,YOCRUNCH LOWFAT YOGURT VANILLA
V8,v8,v8,target,V8 BEVERAGE VEGETABLE,V8 BEVERAGE VEGETABLE,V8 BEVERAGE VEGETABLE
BANANA,banana,banana,target,BANANA,BANANA,BANANA
MP 2 PC MILK,market pantry 2% milk,milk,target,MILK,MILK,MILK
CHEETOS,cheetos,cheetos,target,Cheetos Puffs Cheese Flavored Snacks 2.375 Ounce Plastic Bag,Cheetos Puffs Cheese Flavored Snacks 2.375 Ounce Plastic Bag,Cheetos Puffs Cheese Flavored Snacks 2.375 Ounce Plastic Bag
LAYS,lays,lays,target,Lays Baked Potato Crisps 10.25 ounce Plastic Bag,Lays Baked Potato Crisps 10.25 ounce Plastic Bag,Lays Baked Potato Crisps 10.25 ounce Plastic Bag
MARUCHN SOUP,maruchan soup,soup,target,RAMEN NOODLES,RAMEN NOODLES,RAMEN NOODLES
CRKLN OATBRN,cracklin oat bran,cereal,target,Kelloggs Cracklin Oat Bran Cereal 17oz,Kelloggs Cracklin Oat Bran Cereal 17oz,Kelloggs Cracklin Oat Bran Cereal 17oz
LEAN CUISINE,lean cuisine,lean cuisine,target,LEAN CUISINE CLASSIC MACARONI & BEEF,LEAN CUISINE CLASSIC MACARONI & BEEF,LEAN CUISINE CLASSIC MACARONI & BEEF
COKE CLASSIC,coke classic,coke,target,Coca-Cola Bottle 20 fl oz,Coca-Cola Bottle 20 fl oz,Coca-Cola Bottle 20 fl oz
FRITOS,fritos,fritos,target,Fritos Original Corn Chips 4.0 Ounce Plastic Bag,Fritos Original Corn Chips 4.0 Ounce Plastic Bag,Fritos Original Corn Chips 4.0 Ounce Plastic Bag
BROCCO CAUL,broccoli cauliflower,broccoli,target,BROCCOLI,BROCCOLI,BROCCOLI
KRO MUSHROOMS,kroger mushrooms,mushrooms,kroger,MUSHROOMS,MUSHROOMS,MUSHROOMS
STO BABY SPINACH,simple truth organic baby spinach,organic baby spinach,kroger,BABY SPINACH,BABY SPINACH,BABY SPINACH
CLEMNTNES,clementines,clementines,kroger,CLEMENTINE,CLEMENTINE,CLEMENTINE
CUCUMBERS,cucumbers,cucumbers,kroger,FRESH CUCUMBERS,FRESH CUCUMBERS,FRESH CUCUMBERS
BROCCOLI,broccoli,broccoli,kroger,BROCCOLI,BROCCOLI,BROCCOLI
PREGO PASTA SAUCE,prego pasta sauce,pasta sauce,kroger,PASTA SAUCE,PASTA SAUCE,PASTA SAUCE
TURKEY HLL ICE CRM,turkey hill ice cream,ice cream,kroger,ICE CREAM,ICE CREAM,ICE CREAM
KROGER EGGS,kroger eggs,eggs,kroger,EGGS,EGGS,EGGS
APPLES HONEYCRISP,honeycrisp apples,apples,kroger,HONEYCRISP APPLES,HONEYCRISP APPLES,HONEYCRISP APPLES
BH MAPLE HONEY HAM,boars head maple honey ham,honey ham,publix,MAPLE HONEY HAM,MAPLE HONEY HAM,MAPLE HONEY HAM
GW EVRTHNG BGLS 4C,greenwise everything bagels 4c,everything bagels,publix,EVERYTHING BAGELS BAGELS,EVERYTHING BAGELS BAGELS,EVERYTHING BAGELS BAGELS
TROPICANA OJ,tropicana oj,oj,kroger,PURE 100% FLORIDA ORANGE JUICE,PURE 100% FLORIDA ORANGE JUICE,PURE 100% FLORIDA ORANGE JUICE
NTLA HZLNT SPREAD,nutella hazelnut spread,nutella,kroger,HAZELNUT SPREAD,HAZELNUT SPREAD,HAZELNUT SPREAD
CABBAGE NAPPA,nappa cabbage,nappa cabbage,kroger,NAPPA CABBAGE,NAPPA CABBAGE,NAPPA CABBAGE
BARLLA LINGUINE,barilla linguine,linguine,kroger,LINGUINE ENRICHED MACARONI PRODUCT,LINGUINE ENRICHED MACARONI PRODUCT,LINGUINE ENRICHED MACARONI PRODUCT
BELG MOZ BLS,belgioioso mozzarella balls,mozzarella balls,kroger,FRESH MOZZARELLA,FRESH MOZZARELLA,FRESH MOZZARELLA
POST HNY BNCH OAT,post honey bunches of oats,honey bunches of oats,kroger,HONEY BUNCHES OF OATS CEREAL,HONEY BUNCHES OF OATS CEREAL,HONEY BUNCHES OF OATS CEREAL
PHLLY CREAM CHEESE,philadelphia cream cheese,cream cheese,kroger,PHILADELPHIA CREAM CHEESE-SOFT PLAIN,PHILADELPHIA CREAM CHEESE-SOFT PLAIN,PHILADELPHIA CREAM CHEESE-SOFT PLAIN
PRDU CH THGH,purdue chicken thigh,chicken thigh,kroger,PERDUE CHICKEN THIGHS,PERDUE CHICKEN THIGHS,PERDUE CHICKEN THIGHS
STNFR GARLIC NAAN,stonefire garlic naan,garlic naan,kroger,GARLIC NAAN,GARLIC NAAN,GARLIC NAAN
KRO PNAPL CHNK JCE,kroger pineapple chunk juice,pineapple chunk juice,kroger,PINEAPPLE CHUNKS,PINEAPPLE CHUNKS,PINEAPPLE CHUNKS
MSSN TORTLLA,mission tortilla,tortilla,kroger,TORTILLA,TORTILLA,TORTILLA
PILLSBURY CRESCENT,pillsbury crescent,crescent,kroger,CRESCENT,CRESCENT,CRESCENT
O M FRANKS,oscar mayer franks,franks,kroger,FRANKS,FRANKS,FRANKS
KRO VITAMIN D MILK,kroger vitamin d milk,milk,kroger,VITAMIN D MILK,VITAMIN D MILK,VITAMIN D MILK
APL GALA EAST XF,apples gala east,apples,kroger,GALA APPLES,GALA APPLES,GALA APPLES
YOCRUNCH,yocrunch,yogurt,target,YOCRUNCH,YOCRUNCH,YOCRUNCH
PEARLS,olives,olives,target,PEARLS,PEARLS,PEARLS
MP PASTA SCE,market pantry pasta sauce,pasta sauce,target,PASTA SAUCE,PASTA SAUCE,PASTA SAUCE
LEAN CUISINE,lean cuisine,lean cuisine,target,LEAN CUISINE,LEAN CUISINE,LEAN CUISINE
APL GOLD DEL,golden delicious apples,apple,kroger,GOLDEN DELICIOUS APPLES,GOLDEN DELICIOUS APPLES,GOLDEN DELICIOUS APPLES
BREAD,bread,bread,walmart,BREAD,BREAD,BREAD
CIDER,cider,cider,walmart,CIDER,CIDER,CIDER
ORGANIC RND YELLOW TORT CHIPS,organic round yellow tortilla chips,tortilla chips,trader joes,ORGANIC TORTILLA CHIPS,ORGANIC TORTILLA CHIPS,ORGANIC TORTILLA CHIPS
BEANS ORGANIC GARBANZO,organic garbanzo beans,garbanzo beans,trader joes,ORGANIC GARBANZO BEANS,ORGANIC GARBANZO BEANS,ORGANIC GARBANZO BEANS
PANCAKE MIX,pancake mix,pancake mix,walmart,PANCAKE MIX,PANCAKE MIX,PANCAKE MIX
SAUS LINKS,sausage links,sausage,walmart,SAUSAGE LINKS,SAUSAGE LINKS,SAUSAGE LINKS
GARLIC SALT,garlic salt,garlic salt,walmart,GARLIC SALT,GARLIC SALT,GARLIC SALT
KROGER MILK,kroger milk,milk,kroger,MILK,MILK,MILK
GM CINN TST CRUNCH,general mills cinnamon toast crunch,cereal,kroger,GENERAL MILLS CEREAL CINNAMON TOAST CRUNCH,GENERAL MILLS CEREAL CINNAMON TOAST CRUNCH,GENERAL MILLS CEREAL CINNAMON TOAST CRUNCH
STO POWER GREENS,simple truth organic power greens,spinach,kroger,POWER GREENS,POWER GREENS,POWER GREENS
CARROTS,carrots,carrots,kroger,CARROTS,CARROTS,CARROTS
KRO COF MOOSE TRK,kroger coffee moose tracks greek yogurt,yogurt,kroger,GREEK YOGURT,GREEK YOGURT,GREEK YOGURT
LINDT CHOCOLATE,lindt chocolate,chocolate,kroger,"LINDT, MILK CHOCOLATE",MILK CHOCOLATE,"LINDT, MILK CHOCOLATE"
GREEN PEPPERS,green peppers,green bell peppers,kroger,GREEN PEPPER,GREEN PEPPER,GREEN PEPPER
LIMES,limes,limes,kroger,PERSIAN LIMES,PERSIAN LIMES,PERSIAN LIMES
AVOCADO HASS,avocado hass,avocados,kroger,AVOCADO,AVOCADO,AVOCADO
ONION YLW COLOSS,yellow onion,onions,kroger,YELLOW ONION,YELLOW ONION,YELLOW ONION
POTATO RUSSET,russet potato,potatoes,kroger,RUSSET POTATO,RUSSET POTATO,RUSSET POTATO
LEMONS,lemons,lemons,kroger,LEMONS,LEMONS,LEMONS
KRO BREAD,kroger bread,bread,kroger,BREAD,BREAD,BREAD
GTS KOMBCHA,gts kombucha,kombucha,kroger,"GT'S, ORGANIC RAW KOMBUCHA, CITRUS",ORGANIC RAW KOMBUCHA,"GT'S, ORGANIC RAW KOMBUCHA"
CHETO HOT PUFFS,cheetos hot puffs,chips,publix,Cheetos Hot 9.5z,Cheetos Hot 9.5z,Cheetos Hot 9.5z
CHETO PUFFS CHEESE,cheetos cheese puffs,chips,publix,Cheetos Puffs Cheese Flavored Snacks 2.375 Ounce Plastic Bag,Cheetos Puffs Cheese Flavored Snacks 2.375 Ounce Plastic Bag,Cheetos Puffs Cheese Flavored Snacks 2.375 Ounce Plastic Bag
LAYS PARTY SIZE,lays party size,chips,publix,Lays Baked Potato Crisps 10.25 ounce Plastic Bag,Lays Baked Potato Crisps 10.25 ounce Plastic Bag,Lays Baked Potato Crisps 10.25 ounce Plastic Bag
LACROIX BERRY WTR,lacroix berry water,soda,publix,"LACROIX, CURATE NATURALLY ESSENCED SPARKLING WATER, PINK GRAPEFRUIT",CURATE NATURALLY ESSENCED SPARKLING WATER,"LACROIX, CURATE NATURALLY ESSENCED SPARKLING WATER"
LACROIX ORANGE,lacroix orange,soda,publix,"LACROIX, CURATE NATURALLY ESSENCED SPARKLING WATER, PINK GRAPEFRUIT",CURATE NATURALLY ESSENCED SPARKLING WATER,"LACROIX, CURATE NATURALLY ESSENCED SPARKLING WATER"
COCA-COLA CLASSIC,coca-cola classic,soda,publix,Coca-Cola Bottle 20 fl oz,Coca-Cola Bottle 20 fl oz,Coca-Cola Bottle 20 fl oz
COCA-COLA ZERO,coca-cola zero,soda,publix,"Coca-Cola Zero Sugar Bottle, 8.5 fl oz",Coca-Cola Zero Sugar Bottle,Coca-Cola Zero Sugar Bottle
SPRITE,sprite,soda,publix,"Sprite Bottle, 20 fl oz",Sprite Bottle,Sprite Bottle
CHERRY COKE,cherry coke,soda,publix,"Coca-Cola Cherry Bottles, 16.9 fl oz, 6 Pack",Coca-Cola Cherry Bottles,Coca-Cola Cherry Bottles
C SHLBY CHLI,carroll shelbys chili kit,spices,kroger,"CARROLL SHELBY'S, ORIGINAL TEXAS BRAND, CHILI SEASONING KIT",ORIGINAL TEXAS BRAND,"CARROLL SHELBY'S, ORIGINAL TEXAS BRAND"
RED BARRON PIZZA,red barron pizza,pizza,kroger,"RED BARRON, PIZZA, SAUSAGE, SUPREME",PIZZA,"RED BARRON, SAUSAGE"
CHICKN BROTH,chicken broth,chicken broth,walmart,CHICKEN BROTH,CHICKEN BROTH,CHICKEN BROTH
GV BBQ,great value barbeque sauce,barbeque sauce,walmart,BARBEQUE SAUCE,BARBEQUE SAUCE,BARBEQUE SAUCE
KETCHUP,ketchup,ketchup,walmart,KETCHUP,KETCHUP,KETCHUP
GV ORANG JCE,great value orange juice,orange juice,walmart,ORANGE JUICE,ORANGE JUICE,ORANGE JUICE
3 ORANGES,3 lb oranges,oranges,walmart,ORANGES,ORANGES,ORANGES
SHALLOTS,shallots,shallots,walmart,SHALLOTS,SHALLOTS,SHALLOTS
GINGER ROOT,ginger root,ginger,walmart,GINGER,GINGER,GINGER
CARROTS SNACK SIZE,snack size carrots,carrots,publix,CARROTS,CARROTS,CARROTS
STO ORG TOFU,simple truth organic tofu,tofu,kroger,ORGANIC SOFT TOFU,ORGANIC SOFT TOFU,ORGANIC SOFT TOFU
STO FRZ CHERRIES,simple truth organic frozen cherries,frozen cherries,kroger,MARASCHINO CHERRIES,MARASCHINO CHERRIES,MARASCHINO CHERRIES
KRO PICKLES,kroger pickles,pickles,kroger,PICKLES,PICKLES,PICKLES
KRO STHWEST KIT,kroger southwest salad kit,salad kit,kroger,PREMIUM SOUTHWEST SALAD KIT,PREMIUM SOUTHWEST SALAD KIT,PREMIUM SOUTHWEST SALAD KIT
KRO SHRED CHEESE,kroger shredded cheese,shredded cheese,kroger,SHREDDED CHEESE,SHREDDED CHEESE,SHREDDED CHEESE
AVOCADO HASS,avocado hass,avocado,kroger,HASS AVOCADOS,HASS AVOCADOS,HASS AVOCADOS
GARLIC X-JUMBO,clove of garlic,clove garlic,kroger,WHOLE CLOVE GARLIC,WHOLE CLOVE GARLIC,WHOLE CLOVE GARLIC
GRAPEFRUIT RED ESTPC,grapefruit red,grapefruit,kroger,RED GRAPEFRUIT,RED GRAPEFRUIT,RED GRAPEFRUIT
CELERY,celery,celery,kroger,CELERY,CELERY,CELERY
MC CILANTRO LEAVES,cilantro leaves,cilantro,publix,"TERANA, CHOPPED CILANTRO LEAVES",CHOPPED CILANTRO LEAVES,"TERANA, CHOPPED CILANTRO LEAVES"
TOMATO ON THE VINE,tomato on the vine,tomato,publix,TOMATOES ON THE VINE,TOMATOES ON THE VINE,TOMATOES ON THE VINE
AVOCADOS HASS,avocado hass,avocado,publix,HASS AVOCADOS,HASS AVOCADOS,HASS AVOCADOS
CHERRIES,cherries,cherries,publix,MARASCHINO CHERRIES,MARASCHINO CHERRIES,MARASCHINO CHERRIES
PEACHES PREMIUM,peaches premium,peaches,publix,PEACHES,PEACHES,PEACHES
ONION SPANISH,onion spanish,onion,publix,ONION,ONION,ONION
MCCORMICK OREGANO,mccormick oregano,oregano,publix,OREGANO,OREGANO,OREGANO
MANDARINS,mandarins,mandarins,publix,MANDARINS,MANDARINS,MANDARINS
BANANAS,bananas,bananas,publix,BANANAS,BANANAS,BANANAS
CHICKEN TENDERS,chicken tenders,chicken tenders,publix,CHICKEN TENDERS,CHICKEN TENDERS,CHICKEN TENDERS
CUCUMBERS,cucumbers,cucumbers,publix,fresh cucumbers,fresh cucumbers,fresh cucumbers
PBX ART SPIN DIP,publix artichoke spinach dip,artichoke spinach dip,publix,ARTICHOKE SPINACH DIP,ARTICHOKE SPINACH DIP,ARTICHOKE SPINACH DIP
3PC CHICK TEN DIN,3 piece chicken tender dinner,chicken tenders,publix,CHICKEN TENDERS,CHICKEN TENDERS,CHICKEN TENDERS
CAPE COD WAVES SLT,cape cod waves salted potato chips,potato chips,publix,POTATO CHIPS,POTATO CHIPS,POTATO CHIPS
BARCEL TAKIS FUEGO,barcel takis fuego,chips,publix,"BARCEL, TAKIS, TORTILLA CHIPS, HOT",TAKIS,"BARCEL, TORTILLA CHIPS"
PUBLIX FROZEN FRUI,publix frozen fruit,frozen fruit,publix,FROZEN FRUIT BLEND,FROZEN FRUIT BLEND,FROZEN FRUIT BLEND
DAISY COTT CHS 2%,daisy cottage cheese 2%,cottage cheese,publix,COTTAGE CHEESE,COTTAGE CHEESE,COTTAGE CHEESE
SIG POPCORN WHITE,signature white popcorn,pocorn,shaws,WHITE POPCORN,WHITE POPCORN,WHITE POPCORN
SIG GREEN BEANS WH,signature whole green beans canned,canned green beans,shaws,WHOLE GREEN BEANS,WHOLE GREEN BEANS,WHOLE GREEN BEANS
COLLEGE INN BOLD,college inn beef broth,beef broth,shaws,BEEF BROTH,BEEF BROTH,BEEF BROTH
WELCHS SPARKLING,welchs sparkling grape juice,sparkling grape juice,shaws,SPARKLING GRAPE JUICE,SPARKLING GRAPE JUICE,SPARKLING GRAPE JUICE
NBC OREO CKY REG,nabisco oreo cookie regular,oreos,shaws,NABISCO OREO COOKIES OREO 1X10.700 OZ,NABISCO OREO COOKIES OREO 1X10.700 OZ,NABISCO OREO COOKIES OREO 1X10.700 OZ
PILLS BREAD FLOUR,pillsbury bread flour,flour,shaws,BREAD FLOUR,BREAD FLOUR,BREAD FLOUR
GATORADE CHERRY,cherry gatorade,gatorade,shaws,Gatorade Frost Glacier Cherry Thirst Quencher 32 Fluid Ounce Bottle,Gatorade Frost Glacier Cherry Thirst Quencher 32 Fluid Ounce Bottle,Gatorade Frost Glacier Cherry Thirst Quencher 32 Fluid Ounce Bottle
GATORADE GLACIER,gatorade glacier,gatorade,shaws,Gatorade Frost Glacier Cherry Thirst Quencher 32 Fluid Ounce Bottle,Gatorade Frost Glacier Cherry Thirst Quencher 32 Fluid Ounce Bottle,Gatorade Frost Glacier Cherry Thirst Quencher 32 Fluid Ounce Bottle
MS GARLIC SALT,mccormick garlic salt,garlic salt,shaws,GARLIC SALT,GARLIC SALT,GARLIC SALT
CL GEL FOOD COLORS,gel food colors,food coloring,shaws,GEL FOOD COLORS,GEL FOOD COLORS,GEL FOOD COLORS
BIGELOW TEA OOLONG,bigelow oolong tea,tea,shaws,ORGANIC OOLONG TEA BAGS,ORGANIC OOLONG TEA BAGS,ORGANIC OOLONG TEA BAGS
MINI PRETZELS,mini pretzels,pretzels,shaws,MINI PRETZELS,MINI PRETZELS,MINI PRETZELS
CD CRAN LM SLTZER,canned cranberry lime seltzer,selter,shaws,CRANBERRY LIME SELTZER,CRANBERRY LIME SELTZER,CRANBERRY LIME SELTZER
DELI,everything bagels,bagels,publix,"WEIS, CLASSIC BAGELS, ONION",CLASSIC BAGELS,"WEIS, CLASSIC BAGELS"
PBX SHR MON/JK CHS,publix shredded monteray jack cheese,monteray jack cheese,publix,COLBY AND MONTEREY JACK FINELY SHREDDED CHEESE,COLBY AND MONTEREY JACK FINELY SHREDDED CHEESE,COLBY AND MONTEREY JACK FINELY SHREDDED CHEESE
LEAN GROUND BEEF,lean ground beef,ground beef,publix,LEAN GROUND BEEF,LEAN GROUND BEEF,LEAN GROUND BEEF
MARUCH ORIENT 6PK,maruch ramen noodles oriental flavor 6pk,ramen noodles,publix,RAMEN NOODLES,RAMEN NOODLES,RAMEN NOODLES
GRANDS! BUTTERMILK,pillsbury grands! southern homestyle buttermilk biscuits,biscuits,publix,BUTTERMILK BISCUITS,BUTTERMILK BISCUITS,BUTTERMILK BISCUITS
PACE THIK/CHUNK SA,pace thick and chunky salsa,salsa,publix,"PACE, CHUNKY SALSA",CHUNKY SALSA,"PACE, CHUNKY SALSA"
PUBLIX SOUR CREAM LT,publix sour cream light,sour cream,publix,SOUR CREAM,SOUR CREAM,SOUR CREAM
SPINACH PUBLIX,spinach publix,spinach,publix,LEAF SPINACH,LEAF SPINACH,LEAF SPINACH
MCCORMICK TACO MIX,mccormick taco mix,taco mix,publix,CHIPOTLE TACO MIX,CHIPOTLE TACO MIX,CHIPOTLE TACO MIX
BRC FLRT EAT SMART,broccoli florret eat smart,broccoli florret,publix,BROCCOLI,BROCCOLI,BROCCOLI
KIKKOMAN SOY SAUCE,kikkoman soy sauce,soy sauce,publix,SOY SAUCE,SOY SAUCE,SOY SAUCE
GRAPES WHT SDLS,grapes white seedless,grapes,publix,GREEN GRAPE,GREEN GRAPE,GREEN GRAPE
SLICE ONION SQUASH,sliced onion and squash package,onion and squash,publix,SQUASH WITH VIDALIA ONIONS,SQUASH WITH VIDALIA ONIONS,SQUASH WITH VIDALIA ONIONS
STIR FRY MX 4 SRV,stir fry mix 4 serving,stir fry mix,publix,ASIAN STYLE STIR FRY BLEND,ASIAN STYLE STIR FRY BLEND,ASIAN STYLE STIR FRY BLEND
NV PROTEIN BARS,nature valley protein bars,protein bars,publix,Nature Valley Sweet & Salty Roasted Mixed Nut Granola Bar,Nature Valley Sweet & Salty Roasted Mixed Nut Granola Bar,Nature Valley Sweet & Salty Roasted Mixed Nut Granola Bar
BELL PEPPERS RED,bell peppers red,bell peppers,publix,FIRE ROASTED RED BELL PEPPERS,FIRE ROASTED RED BELL PEPPERS,FIRE ROASTED RED BELL PEPPERS
PEAS SNOW MICRO,peas snow microwave,peas snow,publix,"PUBLIX, SNOW PEAS",SNOW PEAS,"PUBLIX, SNOW PEAS"
KIND NUTRITI FB,kind nutrition bar,nutrition bar,target,"KIND HEALTHY GRAINS, CHEWY WITH A CRUNCH GRANOLA BAR, DARK CHOCOLATE CHUNK",CHEWY WITH A CRUNCH GRANOLA BAR,"KIND HEALTHY GRAINS, CHEWY WITH A CRUNCH GRANOLA BAR"
NATR VAL BAR FB,nature valley protein bars,protein bars,target,Nature Valley Sweet & Salty Roasted Mixed Nut Granola Bar,Nature Valley Sweet & Salty Roasted Mixed Nut Granola Bar,Nature Valley Sweet & Salty Roasted Mixed Nut Granola Bar
ORG ZUCCHINI,organic zucchini,zucchini,publix,ORGANIC ZUCCHINI SQUASH,ORGANIC ZUCCHINI SQUASH,ORGANIC ZUCCHINI SQUASH
BROCCOLETTI,broccoli florret,broccoli,publix,BROCCOLI,BROCCOLI,BROCCOLI
PEPPERS GREEN BELL,peppers green bell,peppers bell,publix,DICED GREEN BELL PEPPERS,DICED GREEN BELL PEPPERS,DICED GREEN BELL PEPPERS
GRAPES RED SDLS,graoes red seedless,grapes,publix,RED GRAPES,RED GRAPES,RED GRAPES
ONIONS YELLOW,onions yellow,onions,publix,YELLOW ONIONS,YELLOW ONIONS,YELLOW ONIONS
BEEF FOR STIR FRY,beef for stir fry,beef strips,publix,ASIAN INSPIRED BEEF STRIPS,ASIAN INSPIRED BEEF STRIPS,ASIAN INSPIRED BEEF STRIPS
GW EVRTHNG BGLS 4C,everything bagels 4 count,everything bagels,publix,EVERYTHING BAGELS,EVERYTHING BAGELS,EVERYTHING BAGELS
PBX SHRD MILD CHD,publix shredded  mild cheddar cheese,shredded cheese,publix,SHREDDED MILD CHEDDAR CHEESE,SHREDDED MILD CHEDDAR CHEESE,SHREDDED MILD CHEDDAR CHEESE
FRNKS BUFF WNG SAU,buffalo wing sauce,buffalo wing sauce,publix,BUFFALO WING SAUCE,BUFFALO WING SAUCE,BUFFALO WING SAUCE
PUB RANCH DRESS,publix ranch dressing,ranch dressing,publix,"HIDDEN VALLEY, RANCH DRESSING",RANCH DRESSING,"HIDDEN VALLEY, RANCH DRESSING"
BNLS CHICK BREST,chicken breast,chicken brest,publix,RAW STUFFED CHICKEN BREASTS,RAW STUFFED CHICKEN BREASTS,RAW STUFFED CHICKEN BREASTS
SEA SCALLOPS,sea scallops,sea scallops,publix,SEA SCALLOPS,SEA SCALLOPS,SEA SCALLOPS
PHIL CREAM CHEESE,philadelphia cream cheese,cream cheese,publix,PHILADELPHIA CREAM CHEESE-SOFT LIGHT,PHILADELPHIA CREAM CHEESE-SOFT LIGHT,PHILADELPHIA CREAM CHEESE-SOFT LIGHT
NESTLE MORSELS,nestle morsels chocolate chips,chocolate chips,publix,"NESTLE, GRAND ASSORTED CHOCOLATE",GRAND ASSORTED CHOCOLATE,"NESTLE, GRAND ASSORTED CHOCOLATE"
PUBLIX CREAM CHEES,publix cream cheese,cream cheese,publix,PHILADELPHIA CREAM CHEESE-SOFT LIGHT,PHILADELPHIA CREAM CHEESE-SOFT LIGHT,PHILADELPHIA CREAM CHEESE-SOFT LIGHT
