PF XTRA CHEDDAR GF,pepperidge farms xtra cheddar goldfish,goldfish,publix
PF CHEESE GOLDFISH,pepperidge farms cheese goldfish,goldfish,publix
REESES PEAN,reeses peanut butter cups,peanut butter cups,walmart
ATHENOS TR/CR FETA,athenos traditional crumbled feta,publix,feta crumbled
L/L DBL CHOC CHIP,lenny & larrys double chocolate chip,double chocolate chip,publix
AIDL SAUSAGE,aidell sausage,sausage,kroger
PLANTAINS,plantains,plantains,kroger
PFRM GOLDFISH,pepperidge farm goldfish,goldfish,kroger
PEPPERS BELL RED,red bell peppers,red bell peppers,kroger
PEACHES WHITE,white peaches,white peaches,kroger
BLUEBERRIES,blueberries,blueberries,kroger
LEMONS,lemons,lemons,kroger
QUAKER OATMEAL,quaker oatmeal,oatmeal,kroger
MANDARINS BAG,mandarins bag,mandarins,kroger
BKCN COOKIES,,,
PRSL COOKIE,private selection cookie,cookie,kroger
PRSL 12 GRAIN BRD,,,
QUAKER OATMEAL,quaker oatmeal,oatmeal,kroger
KRO BUFFALO,kroger buffalo,buffalo,kroger
KRO TUNA PCH,kroger tuna,tuna,kroger
KRO LMN PEPPR,kroger lemon pepper,lemon pepper,kroger
KRO TUNA,kroger tuna,tuna,kroger
KRO POTATO,kroger potato,potato,kroger
ONIONS SWT YELLOW,onions sweet yellow,onions,kroger
CABBAGE,cabbage,cabbage,kroger
KRO CAULIFLOWER FLPC,kroger cauliflower,cauliflower,kroger
KRO MUSHROOMS,kroger mushrooms,mushrooms,kroger
KRO HONEY BEAR,kroger honey bear,honey,kroger
KRO TOMATOES,kroger tomatoes,tomatoes,kroger
KRO SALSA,kroger salsa,salsa,kroger
PRINGLES,pringles,chips,target
CAMPBELLS CH,campbells cream of chicken,soup,target
CAMPBELLS,campbells,soup,target
MARUCHN SOUP,maruchan soup,ramen,target
MP 2 PC MILK,market pantry 2 percent milk,milk,target
CAPRI SUN,capri sun,juice,target
DEVOUR,devour,devour,target
NEWYOR BREAD,newyork bread,garlic bread,target
FAIRLIFE,fairlife,ice cream,target
OS CRAN POM,ocean spray cranberry pomegranate juice,juice,walmart
CAMPARI TOM,campari tomatoes,tomatoes,walmart
KFT SINGLES,kraft singles,cheese,walmart
HARD SALAMI,hard salami,salami,walmart
ORGANIC SUGAR,organic sugar,sugar,trader joes
CHOC CHUNKS SEMI SWEET 10 OZ,semi sweet chocolate chunks,chocolate,trader joes
SPAGHETTI TOMATO SAUCE ORGANIC,organic spaghetti tomato sauce,tomato sauce,trader joes
A-POTATO EACH RUSSET,russet potato,potato,trader joes
R-CARROTS WHOLE ORG,organic carrots,carrot,trader joes
A-AVOCADOS EACH HASS 40 CT,hass avocados,avocados,trader joes
A-CUCUMBERS PERSIAN 14 OZ,persian cucumbers,cucumbers,trader joes
TRADITIONAL REFRIED BEANS,refried beans,beans,trader joes
GV 5LB BRST,great value chicken breast,chicken breast,walmart
GV 2 RF MLK,great value 2% reduced fat milk,milk,walmart
HNY MPL BCN,honey maple bacon,bacon,walmart
JALAPENO,jalapeno,jalapeno,walmart
GV CHED SHED,great value shredded cheddar,cheese,walmart
GV BRWN RICE,great value brown rice,brown rice,walmart
BELL PEPPER,bell pepper,bell pepper,walmart
RED PEPPER,red pepper,red pepper,walmart
ORANGE PEPPER,orange pepper,orange pepper,walmart
EGGS,eggs,eggs,walmart
CILANTRO,cilantro,ciltrano,walmart
1PCT MILK,1% milk,milk,kroger
KROGER JUICE,kroger juice,orange juice,kroger
KRO JAM,kroger jam,jam,kroger
BANANAS,bananas,bananas,kroger
STO RED DEL POUCH,simple truth organic red delicious apples,apples,kroger
PORT WINE,port wine,wine,walmart
GREEN ONION,green onion,green onion,walmart
TOTINOS PIZZA,totinos pizza rolls,pizza rolls,publix
APPLES MCINTOSH LG,large mcintosh apples,apples,publix
PEARS BARTLETT,bartlett pears,pears,publix
CHWY PPRMNT MENTOS,chewy peppermint mentos,mints,publix
OJ TROP PURE,tropicana pure orange juice,orange juice,publix
PUBLIX MILK,publix milk,milk,publix
KIT KAT,kit kat,candy,publix
ALMOND JOY SNACK,almond joy snack,candy,publix
SUNKIST ORANGE,sunkist orange,oranges,publix
TGIF POPCORN CKN,tgif popcorn chicken,popcorn chicken,publix
DELIZZA ECLAIRS,delizza eclairs,eclairs,publix
UNBLEACHED BRD FLR,unbleached bread flour,bread flour,publix
CANTALOUPES,cantaloupes,cantaloupes,publix
MOTTS APP WHT GRP,motts apple white grape juice,juice,publix
PBLX ITAL BRD CRMB,publix italian bread crumbs,bread crumbs,publix
KENS BALS/BASIL,kens balsamic/basil dressing,salad dressing,publix
KENS RANCH,kens ranch,ranch,publix
PETER PAN PNUT/BTR,peter pan peanut butter,peanut butter,publix
MAXWELL HOUSE COFF,maxwell house coffee,coffee,publix
PUBLIX MARINARA SA,publix marinara sauce,marinara sauce,publix
EUREKA WHEAT BRD,eureka wheat bread,bread,publix
KRO 1% LF MILK,kroger 1% lowfat milk,milk,kroger
KROGER KTL CHPS,kroger kettle chips,chips,kroger
KRO BREAD,kroger bread,bread,kroger
MCCORMCK CHLI MX,mccormick chili mix,spices,kroger
ROMAINE HEARTS,romaine hearts,romaine,kroger
KRO GRND TRKY,kroger ground turkey,ground turkey,kroger
CKN BRST BL SL,chicken breast boneless skinless,chicken breast,kroger
KROGER MUSTARD,kroger mustard,mustard,kroger
KRO PASTA SAUCE,kroger pasta sauce,pasta sauce,kroger
KROGER BEANS,kroger beans,beans,kroger
APL CRIPPS PINK,cripps pink apple,apples,kroger
KROGER FRZN VEG,kroger frozen vegetables,frozen vegetables,kroger
KRO GRK VAN YOGURT,kroger greek vanilla yogurt,yogurt,kroger
PRSL PIZZA,private selections pizza,pizza,kroger
STO BABY ARUGULA,simple truth organic baby arugula,baby arugula,kroger
NBSC BLVTA,nabisco belvita,breakfast biscuit,kroger
MCCAFE COFFEE,mccafe coffee,coffee,kroger
KRO HONEY BEAR,kroger honey bear,honey,kroger
KROGER OATS,kroger oats,oats,kroger
HALOTOP ICE CREAM,halo top ice cream,ice cream,kroger
KRO PEANUT BUTTER,kroger peanut butter,peanut butter,kroger
MRES DRSNG,maries dressing,salad dressing,kroger
CASCADIAN GRANOLA,cascadian farms granola,granola,kroger
ST COOKIES,simple truth cookies,cookies,kroger
CA PZ KTCH PIZZA,california pizza kitchen pizza,pizza,kroger
STO BLUE TORTILLA,simple truth organic blue tortilla chips,tortilla chips,kroger
KROGER EGGS,kroger eggs,eggs,kroger
STO WHITE TORTILLA,simple truth organic white tortilla chips,tortilla chips,kroger
KRO DRIED CRANBERR,kroger dried cranberries,cranberries,kroger
APPLES HONEYCRISP,honeycrisp apples,apples,kroger
VGND SWT POT SPR PC,veggie noodle sweet potato spirals,veggie noodle sweet potato spirals,kroger
TERRAPIN IPA,terrapin ipa,terrapin ipa,publix
GARDEN LIFE ROMAIN,garden life romain lettuce,lettuce,publix
PEP FARM GOLDFISH,pepridge farm goldfish,goldfish,shaws
QUAKER CEREAL LIFE,quaker life cereal,cereal,shaws
OCEAN SPRAY JUICE,ocean spray juice,juice,shaws
MARTINELLI CIDAR S,martinelli cidar,cidar,shaws
COCA COLA CLASSIC,coca cola classic,coke,shaws
ARIZONA SWT TEA,arizona sweat tea,sweat tea,shaws
PLN CRN RCE SNK,plain corn rice snack,corn rice snack,shaws
TWINIGS CLSC PRNCE,twinings classic prince of whales,tea,shaws
BC COOL IN BLUE 6,bc cool in blue 6 types,sprinkles,shaws
KFT CUPS 3 CHEESE,kraft macaroni and cheese cups tripple cheese,mac and cheese cups,publix
SANTTITAS YEL CORN,santtitas yellow corn,yellow corn,publix
